{"FlpND": [[0.0, 0.26666666666666666, 0.5333333333333333], [0.0, 0.34509803921568627, 0.6862745098039216], [0.0, 0.47058823529411764, 0.9372549019607843], [0.06274509803921569, 0.5294117647058824, 1.0], [0.18823529411764706, 0.592156862745098, 1.0], [0.3137254901960784, 0.6549019607843137, 1.0], [0.4392156862745098, 0.7176470588235294, 1.0], [0.5607843137254902, 0.7803921568627451, 1.0], [0.8117647058823529, 0.9058823529411765, 1.0]], "FlpD": [[0.7333333333333333, 0.3333333333333333, 0.4], [0.7686274509803922, 0.4196078431372549, 0.47843137254901963], [0.8392156862745098, 0.6, 0.6392156862745098], [0.8745098039215686, 0.6862745098039216, 0.7176470588235294], [0.9450980392156862, 0.8666666666666667, 0.8784313725490196], [0.9803921568627451, 0.9568627450980393, 0.9607843137254902]], "ShakB2": [[0, 0, 0], [0.2, 0.2, 0.2], [0.4, 0.4, 0.4], [0.5, 0.5, 0.5], [0.75, 0.75, 0.75], [0.8, 0.8, 0.8], [0.9, 0.9, 0.9]], "FlpNDxDB331": [[0.6745098039215687, 0.5254901960784314, 0.13725490196078433], [0.7725490196078432, 0.6, 0.1568627450980392], [0.8666666666666667, 0.7215686274509804, 0.34901960784313724], [0.8901960784313725, 0.7725490196078432, 0.4666666666666667], [0.9411764705882353, 0.8745098039215686, 0.7019607843137254]], "CantonS": [[0.1568627450980392, 0.27058823529411763, 0.2980392156862745], [0.47058823529411764, 0.47058823529411764, 0.47058823529411764], [0.7058823529411765, 0.7058823529411765, 0.7058823529411765], [0.8627450980392157, 0.8627450980392157, 0.8627450980392157]], "DB331_FlpND_control": [[0.5019607843137255, 0.8862745098039215, 0.48627450980392156]], "H2_TNT": []}